seqIndex,netCharge,FC,LW,DP,NK,AE,pcMK,_SolventAccessibilityD1025,tau2_GRAR740104,tau4_GRAR740104,QSO50_GRAR740104,QSO29_GRAR740104
1,1.0,0.0,0.0,0.0,0.0,0.0,0.0,35.0,6919.222222222223,7400.0625,0.0,0.053339
2,2.0,0.0,0.0,0.0,0.0,0.0,0.0,30.0,7059.222222222223,7400.0625,0.0,0.063106
3,3.0,0.0,0.0,0.0,0.0,0.0,0.0,25.0,6922.5,7425.0,0.0,0.068394
