seqIndex,prediction,distToMargin,P(-1),P(+1)
3,-1,-0.2274351026548527,0.6687967921473884,0.33120320785261154
2,-1,-0.6567770413389877,0.8939480206507533,0.10605197934924684
1,-1,-1.2248069863742854,0.9817404206873394,0.018259579312660767
